Store_name,Category,Latitude,Longitude,City
,pharmacy,12.9314045,77.5924636,Bengaluru
,pharmacy,12.9601717,77.6387672,Bengaluru
,pharmacy,12.9603255,77.638371,Bengaluru
Ashwin Pharma,pharmacy,12.9600171,77.6454021,Bengaluru
MedPlus,pharmacy,12.9605409,77.6372314,Bengaluru
,pharmacy,12.9600511,77.6371358,Bengaluru
,pharmacy,12.9586589,77.6375328,Bengaluru
,pharmacy,12.9581727,77.6402029,Bengaluru
Apollo Pharmacy,pharmacy,12.9686175,77.6489441,Bengaluru
MedPlus,pharmacy,13.0310427,77.6353019,Bengaluru
Sathya Medicals,pharmacy,13.0183245,77.6364269,Bengaluru
Srinivasa Medicals,pharmacy,12.9919585,77.7178824,Bengaluru
,pharmacy,13.0360931,77.5317332,Bengaluru
Sri Manjunath Medical & General stores,pharmacy,12.9248306,77.6642849,Bengaluru
Dava Sagar,pharmacy,13.0257078,77.6517029,Bengaluru
Apollo Pharmacy,pharmacy,13.0230704,77.6508206,Bengaluru
Pushyamee,pharmacy,13.0006252,77.5652425,Bengaluru
Manipal North Side Pharmacy,pharmacy,13.0009721,77.5640265,Bengaluru
Keshava Medical & General Stores,pharmacy,13.0059079,77.578507,Bengaluru
S. S. Pharma,pharmacy,12.9965785,77.6045552,Bengaluru
A K Medicals,pharmacy,12.9568547,77.7148261,Bengaluru
Trust Medicals,pharmacy,12.9606501,77.7138068,Bengaluru
Saisudha Medical,pharmacy,13.0129089,77.5742856,Bengaluru
Greeshma,pharmacy,12.8761792,77.6169752,Bengaluru
,pharmacy,12.960424,77.646233,Bengaluru
,pharmacy,12.9622433,77.6470269,Bengaluru
Amruth Medicals,pharmacy,13.0050896,77.623376,Bengaluru
Apollo Pharmacy,pharmacy,13.0052518,77.6233121,Bengaluru
Sri Murti medicals,pharmacy,12.9141731,77.6134947,Bengaluru
MedPlus,pharmacy,12.9136384,77.6074718,Bengaluru
Apollo Pharmacy,pharmacy,12.9133476,77.6101635,Bengaluru
Radhakrishna Pharmacy,pharmacy,12.9408942,77.5456204,Bengaluru
Sri Balaji Medicals and General Stores,pharmacy,12.9403595,77.5458556,Bengaluru
Apollo Pharmacy,pharmacy,12.9332899,77.5427058,Bengaluru
SNR Pharmacy,pharmacy,12.989865,77.717934,Bengaluru
Aruna Medicals,pharmacy,12.9855008,77.718421,Bengaluru
Apollo Pharmacy,pharmacy,12.9602864,77.7136786,Bengaluru
Vijay Medicals,pharmacy,13.0044271,77.6037741,Bengaluru
,pharmacy,12.9192711,77.6684296,Bengaluru
Trust,pharmacy,12.9851522,77.6737584,Bengaluru
Vikas Medicals,pharmacy,12.9672449,77.5427653,Bengaluru
MedPlus,pharmacy,12.9670358,77.5428833,Bengaluru
,pharmacy,12.9611813,77.7054148,Bengaluru
Trust Pharma,pharmacy,13.0226434,77.6481609,Bengaluru
Sri Ganesh Medicals,pharmacy,13.0077106,77.5640402,Bengaluru
MedPlus,pharmacy,13.0067295,77.5642274,Bengaluru
Shivakumar Medicals & General Store,pharmacy,12.9180833,77.6515737,Bengaluru
,pharmacy,12.9787344,77.6451837,Bengaluru
Health and Glow,pharmacy,12.9701421,77.6314807,Bengaluru
Sri Vinayaka Medicals,pharmacy,12.9725356,77.6511018,Bengaluru
Apollo Pharmacy,pharmacy,12.909578,77.5641601,Bengaluru
Laksmi Medical,pharmacy,12.9658455,77.7184852,Bengaluru
Satya Sai Medicals,pharmacy,12.9663904,77.718256,Bengaluru
Pavan Medical,pharmacy,12.9674469,77.7166937,Bengaluru
Ryan Medical,pharmacy,12.9659944,77.7141093,Bengaluru
Medplus,pharmacy,13.0383104,77.6072338,Bengaluru
MedPlus,pharmacy,12.9711033,77.7119389,Bengaluru
Shakti Medical,pharmacy,12.9360494,77.6149821,Bengaluru
Health And Glow,pharmacy,12.9351354,77.6134273,Bengaluru
Apollo Pharmacy,pharmacy,12.9363466,77.6146761,Bengaluru
Aravind Medicals and General stores,pharmacy,12.9115937,77.6062818,Bengaluru
Trust Pharmacy,pharmacy,12.9573761,77.7086858,Bengaluru
Pushpa Medicals,pharmacy,12.9688745,77.7496287,Bengaluru
Ramdev Medicals,pharmacy,12.9354499,77.5925943,Bengaluru
Wellness Forever,pharmacy,12.9358054,77.5927686,Bengaluru
The Cash Pharmacy,pharmacy,12.9683152,77.6004368,Bengaluru
Residency Pharmacy,pharmacy,12.9668907,77.5986274,Bengaluru
MedPlus Pharmacy,pharmacy,13.0813926,77.5483765,Bengaluru
Apollo Pharmacy,pharmacy,13.0581352,77.546243,Bengaluru
Maruti Medicals,pharmacy,13.0827434,77.5484962,Bengaluru
Trust,pharmacy,12.9309289,77.5154272,Bengaluru
Apollo Pharmacy,pharmacy,12.9373048,77.6244506,Bengaluru
St Theresa Pharmacy,pharmacy,13.0061311,77.5536439,Bengaluru
Apollo Pharmacy,pharmacy,12.9162325,77.5949182,Bengaluru
Dr Shah Clinic,pharmacy,13.0325996,77.5589529,Bengaluru
Sagar Pharmacy,pharmacy,12.9370493,77.5686801,Bengaluru
Apollo Pharmacy,pharmacy,12.9423666,77.6174611,Bengaluru
Apollo Pharmacy,pharmacy,12.9175358,77.5934343,Bengaluru
Maruthi Medical Store,pharmacy,13.0282784,77.5715263,Bengaluru
Rakesh Medicals,pharmacy,12.9336091,77.5661398,Bengaluru
Subramanya Medicals,pharmacy,12.9334734,77.5661076,Bengaluru
T R Medicals,pharmacy,12.9327937,77.5677437,Bengaluru
Sree Shakthi medicals,pharmacy,12.9076312,77.6492635,Bengaluru
Apollo Pharmacy,pharmacy,12.9081132,77.6493238,Bengaluru
MedPlus,pharmacy,12.9071172,77.6491754,Bengaluru
St John's Medical Camp,pharmacy,13.0268364,77.5798131,Bengaluru
MedPlus,pharmacy,13.0268965,77.5799419,Bengaluru
Apollo Pharmacy,pharmacy,12.9323571,77.5676123,Bengaluru
Krishna Pharma,pharmacy,12.941581,77.617208,Bengaluru
Balaji Medicals,pharmacy,12.8737728,77.6449481,Bengaluru
Apollo Pharmacy,pharmacy,12.9698357,77.7497385,Bengaluru
Apollo Pharmacy,pharmacy,12.9175661,77.6319413,Bengaluru
Balaji Medical Store,pharmacy,13.0078494,77.5473216,Bengaluru
Sri Dhanvantri Ayurved Bhandara,pharmacy,13.0082414,77.5468871,Bengaluru
Religare,pharmacy,13.0939199,77.5827167,Bengaluru
Sanjeevani Medicals,pharmacy,12.8780838,77.6384592,Bengaluru
Vijaya Shree Diagnostics,pharmacy,12.9271081,77.6226087,Bengaluru
Medical Shop,pharmacy,13.0552619,77.6020449,Bengaluru
Medi House Pharma,pharmacy,12.9636019,77.7481495,Bengaluru
Balaji Medicals,pharmacy,12.9275755,77.6160908,Bengaluru
Apollo Pharmacy,pharmacy,12.9123293,77.6326323,Bengaluru
Himalaya Health care - druggists,pharmacy,12.9377532,77.6266479,Bengaluru
Arathi medicals,pharmacy,12.9353953,77.6233434,Bengaluru
Trust Medicals,pharmacy,12.9786322,77.642362,Bengaluru
Sri Kirshna Pharmacy,pharmacy,12.9783513,77.6456344,Bengaluru
Maiyya's Pharmacy,pharmacy,12.9425654,77.5854098,Bengaluru
Balaji Medicals,pharmacy,12.9115238,77.5783798,Bengaluru
Vidya Medicals,pharmacy,12.9135528,77.5787869,Bengaluru
Sri Rama Medicals and General Stores,pharmacy,12.9971233,77.5512976,Bengaluru
Religare Medicals,pharmacy,13.0002224,77.5688175,Bengaluru
Apollo Pharmacy,pharmacy,12.9240181,77.5533888,Bengaluru
,pharmacy,12.9322462,77.5894525,Bengaluru
Devi Medicals,pharmacy,12.9674654,77.5413752,Bengaluru
National Pharma,pharmacy,12.9683188,77.7494966,Bengaluru
Lakshmi Medicals,pharmacy,12.9233957,77.588428,Bengaluru
Apollo Pharmacy,pharmacy,12.9582464,77.6412466,Bengaluru
MedPlus,pharmacy,12.9339016,77.5414815,Bengaluru
Apollo Pharmacy,pharmacy,12.9048437,77.6445035,Bengaluru
Apollo Pharmacy,pharmacy,12.9240468,77.5707766,Bengaluru
,pharmacy,12.9918615,77.6883761,Bengaluru
,pharmacy,12.99131,77.6878396,Bengaluru
Sudha Parimala Medical Store,pharmacy,12.9345466,77.5895421,Bengaluru
Apollo Pharmacy,pharmacy,12.9272813,77.6693957,Bengaluru
,pharmacy,12.933396,77.5626216,Bengaluru
,pharmacy,12.9352471,77.5607927,Bengaluru
,pharmacy,12.9557166,77.6979892,Bengaluru
,pharmacy,12.9536608,77.6980039,Bengaluru
MSR Pharma,pharmacy,13.0282873,77.5705701,Bengaluru
MedPlus,pharmacy,12.968117,77.6504466,Bengaluru
,pharmacy,12.9662438,77.649815,Bengaluru
Lavish Medical,pharmacy,12.9410107,77.6176795,Bengaluru
,pharmacy,13.0228142,77.6373977,Bengaluru
Shakti Medicals,pharmacy,12.9215211,77.5935613,Bengaluru
Priyanka Pharma,pharmacy,13.0055429,77.6252364,Bengaluru
Apple Pharma,pharmacy,12.9997824,77.5681888,Bengaluru
Mediplus,pharmacy,13.0814337,77.5880604,Bengaluru
"Siddheshwara Medicals, Judicial Layout, Allalasandra, Bangalore",pharmacy,13.0797146,77.5876527,Bengaluru
MSR Medicals,pharmacy,13.0290021,77.5687628,Bengaluru
Balaji Medicals,pharmacy,12.8989456,77.6218388,Bengaluru
Kanyashree Daignostics,pharmacy,12.8921612,77.6257291,Bengaluru
Trust Chemists & Druggists,pharmacy,12.8928095,77.6197262,Bengaluru
Religare Wellness,pharmacy,12.892659,77.6106015,Bengaluru
Shobha Hospital Medical Store,pharmacy,12.9754858,77.531294,Bengaluru
MedPlus,pharmacy,12.9729792,77.5290087,Bengaluru
Kasturi Medicals,pharmacy,12.9535215,77.5780606,Bengaluru
Nagashree Medicals,pharmacy,12.8920083,77.5789638,Bengaluru
Apollo Pharmacy,pharmacy,12.892026,77.5808384,Bengaluru
Bajaj Medical Shop,pharmacy,13.0260861,77.5799826,Bengaluru
Mediplus Medical Store,pharmacy,13.0580068,77.588161,Bengaluru
,pharmacy,12.9178868,77.5561969,Bengaluru
New Pushyamee,pharmacy,13.0037706,77.5653221,Bengaluru
,pharmacy,13.0235333,77.6000246,Bengaluru
MedPlus,pharmacy,12.9238923,77.5688355,Bengaluru
Ajit Medicals,pharmacy,12.9295466,77.6291289,Bengaluru
Trustx,pharmacy,12.9356219,77.631044,Bengaluru
Pharma Plus,pharmacy,12.935306,77.6306217,Bengaluru
Janhavi Medicals,pharmacy,13.0045164,77.5785881,Bengaluru
Sri Sai Pharma,pharmacy,12.9786968,77.638473,Bengaluru
RMV Medicals,pharmacy,13.0323229,77.5770689,Bengaluru
Sri Sairam Medicals,pharmacy,12.8981136,77.6186091,Bengaluru
Balaji Medicals,pharmacy,12.8980875,77.6182846,Bengaluru
Jain Medicals,pharmacy,12.9035518,77.6274068,Bengaluru
Apollo Pharmacy,pharmacy,12.8928115,77.6199345,Bengaluru
Rishi Medicals,pharmacy,12.974626,77.5326702,Bengaluru
Frank Ross Pharmacy,pharmacy,12.9709607,77.5370233,Bengaluru
Ganesh Medicals & General Store,pharmacy,12.9634823,77.5523641,Bengaluru
Patanjali Arogya Kendra,pharmacy,12.9737726,77.5360981,Bengaluru
Kottkkal Arya Vaidya Shala,pharmacy,12.9738549,77.5359264,Bengaluru
Apollo Pharmacy,pharmacy,12.9195943,77.6670277,Bengaluru
Sri Laxmi Medicals,pharmacy,12.8906819,77.5819411,Bengaluru
Vaidya Ratnam Ayurvedic Center,pharmacy,12.9785893,77.5736371,Bengaluru
Tejas Ayurvedic Center,pharmacy,12.9727738,77.5371175,Bengaluru
Mohan Medicals,pharmacy,12.9609849,77.5269939,Bengaluru
MedPlus,pharmacy,12.9312166,77.6233097,Bengaluru
MedPlus,pharmacy,13.0219905,77.6577775,Bengaluru
Maruthi Medicals,pharmacy,13.0198168,77.6562684,Bengaluru
,pharmacy,12.948708,77.707873,Bengaluru
MedPlus,pharmacy,12.8950571,77.6109237,Bengaluru
Apollo Pharmacy,pharmacy,12.8829285,77.5833726,Bengaluru
Laxmi Medicals,pharmacy,12.883368,77.5829816,Bengaluru
Pavithra Medical & General Stores,pharmacy,12.8922399,77.5816934,Bengaluru
Bharathi Medical Stores,pharmacy,12.9165996,77.5970356,Bengaluru
Ram Medicals,pharmacy,12.8978632,77.6215573,Bengaluru
Apollo Pharmacy,pharmacy,12.8919655,77.5817555,Bengaluru
Vinayaka Medical & General Stores,pharmacy,12.8831984,77.5830283,Bengaluru
MedPlus,pharmacy,12.9573395,77.5278877,Bengaluru
Karnataka Medicals and general stores,pharmacy,12.9049515,77.5676264,Bengaluru
Apollo Pharmacy,pharmacy,12.9664142,77.5925401,Bengaluru
Manjula Medicals,pharmacy,12.9668083,77.592647,Bengaluru
Trust,pharmacy,12.8896659,77.5974787,Bengaluru
Bankapura Medicals,pharmacy,12.8943653,77.5815509,Bengaluru
Apollo Pharmacy,pharmacy,12.8966309,77.5862714,Bengaluru
White Lotus,pharmacy,12.9009271,77.5859552,Bengaluru
Samrudh Pharma,pharmacy,12.9072675,77.5600601,Bengaluru
,pharmacy,12.95682,77.653741,Bengaluru
Kamaldeep Medicals,pharmacy,12.9784519,77.6754752,Bengaluru
Himalaya,pharmacy,12.9781816,77.6426659,Bengaluru
Sagar Ayur Pharma,pharmacy,12.9820581,77.6396986,Bengaluru
Healing Touch Pharma,pharmacy,12.9742234,77.6359937,Bengaluru
,pharmacy,13.0372513,77.5290538,Bengaluru
Apollo Pharmacy,pharmacy,12.9976064,77.5512613,Bengaluru
SLN medical and general stores,pharmacy,13.0161215,77.5438434,Bengaluru
Apollo Pharmacy,pharmacy,13.0087585,77.5432729,Bengaluru
Apollo Pharmacy,pharmacy,12.9105063,77.5819403,Bengaluru
Life Care Medicals,pharmacy,12.9108052,77.5786692,Bengaluru
Shree Sai Ram Drug House,pharmacy,12.9104137,77.5818078,Bengaluru
Maruthi Medical Stores,pharmacy,12.9169861,77.596996,Bengaluru
Sri Manjunatha Medical & General Stores,pharmacy,12.9606852,77.5715513,Bengaluru
MedPlus,pharmacy,12.9625591,77.6430964,Bengaluru
Leela medicals,pharmacy,13.0003234,77.5693738,Bengaluru
Standard Medicals,pharmacy,12.9896302,77.5560208,Bengaluru
Sairam Medicals and General Stores,pharmacy,12.9891599,77.5559116,Bengaluru
Sri Prasamshi Medical Stores,pharmacy,12.9904639,77.5569256,Bengaluru
Reddy's Pharma,pharmacy,12.9079522,77.6062306,Bengaluru
Apollo Pharmacy,pharmacy,12.9090104,77.606404,Bengaluru
Ram Medicals,pharmacy,12.9587021,77.6384108,Bengaluru
Sri Balaji Medicals,pharmacy,12.9582908,77.6382738,Bengaluru
Srinidhi Pet Pharma,pharmacy,13.0272029,77.5859484,Bengaluru
,pharmacy,13.0385823,77.5273889,Bengaluru
Nandi Pharma,pharmacy,12.9525781,77.7002989,Bengaluru
Swathi Medical Store,pharmacy,12.9780448,77.6332441,Bengaluru
Apollo Pharmacy,pharmacy,12.9800601,77.6386765,Bengaluru
Sree Maruthi Medicals,pharmacy,12.9800438,77.6380403,Bengaluru
Apollo Pharmacy,pharmacy,12.8866579,77.605946,Bengaluru
,pharmacy,13.0319123,77.576777,Bengaluru
Padmavathi Medicals,pharmacy,12.9483481,77.6000553,Bengaluru
Sanjana Medicals,pharmacy,12.948665,77.6001706,Bengaluru
Padam Pharma,pharmacy,12.9827789,77.6405257,Bengaluru
Apollo Clinic,pharmacy,12.9654532,77.6417318,Bengaluru
Deepika Pharma and General Stores,pharmacy,12.9567914,77.6987064,Bengaluru
Jeanne Medicals,pharmacy,12.9579892,77.7009753,Bengaluru
Fortis Healthworld,pharmacy,12.9663977,77.6372165,Bengaluru
Nobel Chemist,pharmacy,12.9562023,77.6944986,Bengaluru
Sri Lakshmi Medical Stores,pharmacy,12.9562141,77.6945978,Bengaluru
Sri Raghavendra Medicals,pharmacy,12.9742654,77.534553,Bengaluru
Megha Medicals and General Stores,pharmacy,12.9739047,77.5305291,Bengaluru
Saraswati Medicals,pharmacy,12.9724688,77.5295366,Bengaluru
MedPlus,pharmacy,12.9759953,77.5332486,Bengaluru
Balaji Pharma,pharmacy,12.9674186,77.5997528,Bengaluru
Chetak Pharmacy,pharmacy,12.9678054,77.6002865,Bengaluru
St. Mary's Pharmacy,pharmacy,13.0714139,77.5118738,Bengaluru
Shiva Medicals,pharmacy,13.0016906,77.630597,Bengaluru
The Medicals,pharmacy,13.0020057,77.6321604,Bengaluru
Apollo,pharmacy,12.964602,77.5306989,Bengaluru
Aashuhadi Chemists and Druggists,pharmacy,12.9575611,77.6550565,Bengaluru
MedPlus,pharmacy,13.0814825,77.5881095,Bengaluru
Medreich,pharmacy,13.00281,77.6336462,Bengaluru
,pharmacy,12.9477767,77.7090085,Bengaluru
Chirayu medical shop,pharmacy,12.9510234,77.7066549,Bengaluru
Bangalore Medical,pharmacy,12.9640156,77.5510964,Bengaluru
star hospital ,pharmacy,12.9641843,77.5502624,Bengaluru
3G Medicals,pharmacy,12.979213,77.6413298,Bengaluru
Jay Medicals,pharmacy,13.0014659,77.6306068,Bengaluru
Pavan Pharma,pharmacy,13.0014222,77.6291289,Bengaluru
Chandra Medicals,pharmacy,13.0013994,77.6288185,Bengaluru
Murugeshpalaya Medicals,pharmacy,12.9550419,77.6533125,Bengaluru
Srinivasa Medicals,pharmacy,12.9554817,77.6534635,Bengaluru
Kashif Medical,pharmacy,12.9633542,77.5487215,Bengaluru
Mysore Medical,pharmacy,12.9640984,77.5506116,Bengaluru
Unity Hospital,pharmacy,12.9626651,77.5482596,Bengaluru
,pharmacy,12.9618971,77.552098,Bengaluru
Shifa Medical,pharmacy,12.9642578,77.5489199,Bengaluru
,pharmacy,12.9621356,77.5493894,Bengaluru
Global Medical,pharmacy,12.9634155,77.5520086,Bengaluru
,pharmacy,12.9608525,77.5490077,Bengaluru
Srivaari Drug House,pharmacy,12.9566762,77.6550445,Bengaluru
,pharmacy,12.9653807,77.5941925,Bengaluru
Apollo Pharmacy,pharmacy,12.9919663,77.6802606,Bengaluru
Trust medical store,pharmacy,12.9894846,77.6639748,Bengaluru
Max Pharma,pharmacy,12.9970034,77.6911331,Bengaluru
Apollo Pharmacy,pharmacy,12.8833623,77.5897411,Bengaluru
Apollo Pharmacy,pharmacy,13.0632698,77.5912514,Bengaluru
Care Pharma,pharmacy,13.092746,77.5822152,Bengaluru
Care Medicals,pharmacy,12.9857434,77.6717154,Bengaluru
Sundeep Medical Shop,pharmacy,12.9676134,77.6061839,Bengaluru
Model Medical Stores,pharmacy,12.9687933,77.6063684,Bengaluru
Green Apple,pharmacy,12.9814081,77.6012679,Bengaluru
Shree Guru Ganesh Pharma,pharmacy,12.9719937,77.635835,Bengaluru
The Homeo Centre,pharmacy,12.9729985,77.6357302,Bengaluru
SLV Sagar Pharma,pharmacy,12.9737814,77.6359277,Bengaluru
Fortis HealthWorld,pharmacy,12.9592405,77.6528797,Bengaluru
Green Apple,pharmacy,12.9683737,77.5948809,Bengaluru
Apollo Pharmacy,pharmacy,12.9810274,77.6366103,Bengaluru
,pharmacy,12.9567335,77.5513304,Bengaluru
Pavitra Medicals,pharmacy,12.9455735,77.5712921,Bengaluru
Basavangudi Medical Centre,pharmacy,12.9453043,77.5798656,Bengaluru
Universal Pharma,pharmacy,12.9988718,77.5498125,Bengaluru
Maruti Medicals and Genral Stores,pharmacy,13.0240798,77.6032686,Bengaluru
Mankind Medical and Cosmetics,pharmacy,13.025445,77.6036945,Bengaluru
Sakshi Medical And General Stores,pharmacy,13.0271281,77.6042299,Bengaluru
Mohite Medicals,pharmacy,13.0249104,77.6034717,Bengaluru
Kushal Medical Devices,pharmacy,13.0268576,77.6041118,Bengaluru
A.K Medicals,pharmacy,13.023763,77.6029395,Bengaluru
Anagha Pharma,pharmacy,13.0275425,77.6043333,Bengaluru
Rudra Medicals and General Store,pharmacy,13.025341,77.6036943,Bengaluru
Medplus,pharmacy,13.0270235,77.6041889,Bengaluru
Apollo Pharmacy,pharmacy,12.9916552,77.6638354,Bengaluru
Sri Krishna Medicals,pharmacy,13.0450933,77.5206074,Bengaluru
Pradhan Mantri Bharatiya Jan Aushadi Kendra,pharmacy,13.1053106,77.577008,Bengaluru
Sudarshan Medicals,pharmacy,12.9898833,77.5374156,Bengaluru
Krishna medicals,pharmacy,12.9489452,77.7082197,Bengaluru
Navkar medicals,pharmacy,12.9516961,77.7064343,Bengaluru
MedPlus,pharmacy,12.9131442,77.6792129,Bengaluru
Banashankari Medicals,pharmacy,12.9058599,77.6756805,Bengaluru
Trust Chemists & Druggists Ltd,pharmacy,12.9263384,77.6168571,Bengaluru
Krishna Medical & General Stores,pharmacy,12.9079549,77.6758087,Bengaluru
Life Line Medicals & General Stores,pharmacy,13.0083873,77.6961576,Bengaluru
navyashree medicals & general stores,pharmacy,12.9074727,77.6951371,Bengaluru
Dr. Suresh's Dia Care,pharmacy,12.9898377,77.5550568,Bengaluru
Amrutha Medicals,pharmacy,12.9861471,77.5598537,Bengaluru
Health Shopee by Manjushree Medicals,pharmacy,12.9988814,77.5552883,Bengaluru
Sri Srinivasa Medicals,pharmacy,13.0272204,77.593535,Bengaluru
Nandhi Medical And General Stores,pharmacy,12.9882463,77.5584271,Bengaluru
Siddaiah Multi Speciality Clinic And Lab,pharmacy,13.0023897,77.629504,Bengaluru
Indian Medicals,pharmacy,13.0197971,77.6782178,Bengaluru
Vishwas Medicals,pharmacy,12.931055,77.5418888,Bengaluru
Pavan Medicals,pharmacy,12.995301,77.6524627,Bengaluru
SRS Hitech Diagnostic Laboratory,pharmacy,12.8701786,77.6548332,Bengaluru
Clumax Diagnostic Center,pharmacy,12.9238866,77.6195995,Bengaluru
Keshava Medicals And General Stores,pharmacy,13.0057354,77.5763934,Bengaluru
Sri Ganesh Medicals And Surgicals,pharmacy,13.0081894,77.5638484,Bengaluru
Lahari Medicals,pharmacy,12.991518,77.6838598,Bengaluru
Mass pharma,pharmacy,12.9950766,77.6967056,Bengaluru
Deseeya Ayurvedic Pharmacy,pharmacy,12.9627947,77.6419191,Bengaluru
Shri Siddhanth Pharma,pharmacy,12.9702378,77.6356539,Bengaluru
NationWide Primary Healthcare Services,pharmacy,12.9929014,77.7027759,Bengaluru
Shiva Homoeo Medicals,pharmacy,13.0314172,77.6043283,Bengaluru
MedPlus,pharmacy,13.04937,77.5969095,Bengaluru
Mathru Homoeo Medical,pharmacy,12.9601016,77.7002857,Bengaluru
Sri Tulsi Medicals General Store,pharmacy,12.9587958,77.7026919,Bengaluru
Sri Lakshmi Pharma And General Store,pharmacy,12.948849,77.7078682,Bengaluru
MedPlus,pharmacy,12.9486405,77.7037644,Bengaluru
Trust Chemists & Druggists,pharmacy,12.9482486,77.7047648,Bengaluru
Greenhouse Pharma,pharmacy,12.9539548,77.6979312,Bengaluru
Vignesh Medicals,pharmacy,12.957136,77.7392761,Bengaluru
Lakshmi Medicals,pharmacy,12.956443,77.6964124,Bengaluru
Rajeshwari Pharma Shop,pharmacy,12.9556301,77.7222569,Bengaluru
Padma Medicals,pharmacy,12.9785445,77.640549,Bengaluru
Ram speciality clinic,pharmacy,12.9670599,77.7131214,Bengaluru
Patanjali Prakritika Bazaar Shop,pharmacy,12.949095,77.7078158,Bengaluru
Slv Medical Store,pharmacy,12.9487633,77.7078643,Bengaluru
Shree Vet Life Pharma,pharmacy,13.0277184,77.5860886,Bengaluru
OM Shakthi Medicals & General Stores,pharmacy,13.0291434,77.5579617,Bengaluru
Popular Medical And General,pharmacy,13.02454,77.5950447,Bengaluru
Medicure Pharma,pharmacy,12.9720229,77.6803767,Bengaluru
Trust Chemists Druggists,pharmacy,13.0237176,77.5928768,Bengaluru
Shriniwas Medicals,pharmacy,12.9257866,77.5861651,Bengaluru
Sudhir Medicals,pharmacy,12.9243163,77.5770288,Bengaluru
J S Homoeo House,pharmacy,12.982224,77.6029281,Bengaluru
V L Nathan & Co,pharmacy,12.9855813,77.6071086,Bengaluru
Nathans Vet Pharma Centre,pharmacy,12.9762816,77.5991019,Bengaluru
Mahaveer Ayur & Homoeo,pharmacy,12.9813318,77.6041058,Bengaluru
Patanjali Chikitsalayas,pharmacy,12.9308168,77.5739459,Bengaluru
Gururaja Pharmacy,pharmacy,12.9781121,77.5739587,Bengaluru
Balaji Vaidyasala,pharmacy,12.9813797,77.6029956,Bengaluru
T. K. Diagnostic Centre,pharmacy,12.9843238,77.5984752,Bengaluru
elbitdiagnostics,pharmacy,12.9833669,77.5966639,Bengaluru
Al Shifa Unani & Ayurvedic Dawa Khana,pharmacy,12.9873157,77.6059871,Bengaluru
Medinova,pharmacy,12.9816041,77.6011061,Bengaluru
Sundeep Medicals,pharmacy,12.9674206,77.6058454,Bengaluru
Hitesh Medicals & General Stor,pharmacy,12.9713618,77.6062443,Bengaluru
Bangalore Fetal Medicine Centre,pharmacy,12.9658632,77.5998808,Bengaluru
Sai Aruna Medicals,pharmacy,12.9643196,77.657532,Bengaluru
Sri Vidhya Medicals General Store,pharmacy,12.9679122,77.6517504,Bengaluru
,pharmacy,12.9633821,77.6568672,Bengaluru
Sri Sai Ram Medicals,pharmacy,12.9650762,77.6574876,Bengaluru
ISRO Dispensary,pharmacy,12.9661551,77.656368,Bengaluru
Devi Medical,pharmacy,12.964938,77.6572798,Bengaluru
Trust Pharmacy,pharmacy,12.9919478,77.5708501,Bengaluru
Pushyamee Medicals,pharmacy,13.0008545,77.5631699,Bengaluru
Gururaja Pharma,pharmacy,12.9858304,77.5708651,Bengaluru
Brindhavan pharma,pharmacy,12.9853462,77.5708101,Bengaluru
,pharmacy,13.0024248,77.571574,Bengaluru
Megha Medicals,pharmacy,13.0023294,77.5719173,Bengaluru
Sri Ganesh Medicals,pharmacy,13.0078415,77.5617719,Bengaluru
Nandhi Medicals,pharmacy,12.9883267,77.5549712,Bengaluru
Sri Venkateshwara Medical & General Store,pharmacy,12.9898567,77.5542305,Bengaluru
Amrutha Medicals,pharmacy,12.9862636,77.5575477,Bengaluru
Sri Ranga Medicals,pharmacy,13.014751,77.5490654,Bengaluru
Sri Lakshmi Venkateshwara Medicals,pharmacy,12.9886463,77.4880192,Bengaluru
Prasad Medicals,pharmacy,12.9906244,77.5633161,Bengaluru
Sri Ganesh Pharma,pharmacy,12.9559132,77.5561779,Bengaluru
Royal Medicals,pharmacy,13.013929,77.6389286,Bengaluru
Fair Deal Pharma (Medkart),pharmacy,12.9671955,77.5736828,Bengaluru
Omkar Medicals,pharmacy,12.870394,77.6559601,Bengaluru
Bharath Medicals,pharmacy,13.0082692,77.5441674,Bengaluru
Lions Airport City Medicals,pharmacy,12.9557846,77.7050853,Bengaluru
Sri Durga Medicals,pharmacy,13.0120076,77.629801,Bengaluru
Shakti Medicals & Generals,pharmacy,12.9383428,77.5598834,Bengaluru
MedPlus,pharmacy,12.9700147,77.7334952,Bengaluru
Apollo Pharmacy,pharmacy,12.9383175,77.5549076,Bengaluru
Central Lab,pharmacy,12.9644242,77.5968789,Bengaluru
Isha Diagnostics,pharmacy,13.0058891,77.571338,Bengaluru
Kanva Diagnostics,pharmacy,12.9869612,77.5602264,Bengaluru
Rajkumar Diagnostics,pharmacy,13.0192775,77.5968129,Bengaluru
Nisarga Ayurvedic Medicine Research Centre,pharmacy,12.9469375,77.5981349,Bengaluru
Mahaveer medicals,pharmacy,12.9360789,77.5601504,Bengaluru
Upadhya Ayurveda Bhandara,pharmacy,12.9258133,77.5936851,Bengaluru
Prashanth Pharma,pharmacy,12.9348997,77.573964,Bengaluru
Dr. Suresh's Dia Care,pharmacy,12.9853927,77.5383552,Bengaluru
,pharmacy,12.9857599,77.5386584,Bengaluru
Amrutha Medicals,pharmacy,12.9851133,77.5390188,Bengaluru
Star Homeopathy,pharmacy,12.9267767,77.5838359,Bengaluru
Sridhar Medicals,pharmacy,12.9877039,77.5530939,Bengaluru
Himalaya Health Care,pharmacy,12.9255939,77.5861537,Bengaluru
Health Shopee by Manjushree Medicals,pharmacy,12.9985585,77.5476618,Bengaluru
Lifeken Medicines,pharmacy,12.9231418,77.590042,Bengaluru
Sri Swaraj Medicals,pharmacy,12.9385698,77.5531314,Bengaluru
Sri Srinivasa Medicals,pharmacy,13.0216774,77.5927881,Bengaluru
Venkateshwara Medicals,pharmacy,13.0053426,77.5542101,Bengaluru
Nandhi Medicals,pharmacy,12.9887964,77.5555474,Bengaluru
Megha Medicals,pharmacy,13.0026859,77.5738983,Bengaluru
Janhavi Medicals Malleshwaram,pharmacy,13.0019448,77.5716235,Bengaluru
K C G Pharma And Generals,pharmacy,13.0020076,77.5713914,Bengaluru
Sunrise Diagnostic Laboratory,pharmacy,12.9302815,77.5467741,Bengaluru
Medall Clumax Diagnostics,pharmacy,13.005882,77.5761593,Bengaluru
Diabetacare,pharmacy,12.9398696,77.6257338,Bengaluru
Excel Diagnostics,pharmacy,12.9217959,77.6337167,Bengaluru
Pathocon Diagnostics,pharmacy,13.0064642,77.5488867,Bengaluru
Prakash Medicals,pharmacy,12.9730389,77.6468244,Bengaluru
Anand Diagnostic Laboratory,pharmacy,12.9301422,77.6231727,Bengaluru
Ruth Medicals,pharmacy,12.9317312,77.6230979,Bengaluru
Maxwell Pharma,pharmacy,12.9340694,77.625222,Bengaluru
Roots Advanced Hair Transplant Center,pharmacy,13.0022281,77.5739218,Bengaluru
Vijaynagar Orthopedic Center,pharmacy,12.9757744,77.5421307,Bengaluru
Anand Diagnostic Laboratory,pharmacy,12.9744268,77.5377158,Bengaluru
Kaya Skin Bar,pharmacy,12.9917005,77.5706529,Bengaluru
Sri Balaji Medicals,pharmacy,12.9495697,77.6182599,Bengaluru
,pharmacy,12.9681071,77.570295,Bengaluru
Health Heal Physio,pharmacy,12.9675638,77.539088,Bengaluru
Suprith Diagnostic Centre,pharmacy,13.0238592,77.5564245,Bengaluru
Khema Medical Corporation,pharmacy,12.9699062,77.5331512,Bengaluru
Jailaxmi Medical Store,pharmacy,13.0210205,77.5586533,Bengaluru
Mukesh Medical,pharmacy,12.9715348,77.5439059,Bengaluru
,pharmacy,13.0532902,77.5124539,Bengaluru
Sri Ganesh Gandhi Medicals,pharmacy,12.973491,77.5374834,Bengaluru
Sri Harsha Medical & General Stores,pharmacy,13.0141601,77.4903591,Bengaluru
Arvind Homoeo Medicals,pharmacy,12.9703808,77.5375679,Bengaluru
Johnson & Smith Co.,pharmacy,13.0197657,77.4983441,Bengaluru
Careongo Pharmacy Teachers Colony,pharmacy,12.9705987,77.5153346,Bengaluru
Shree Lakshmi Medicals,pharmacy,12.8864701,77.5867609,Bengaluru
Durga Medicals,pharmacy,12.9105534,77.5811091,Bengaluru
Sri Balaji medicals,pharmacy,12.9314177,77.5913754,Bengaluru
Trinity Diagnostic And Imaging Research Centre,pharmacy,12.91032,77.5935628,Bengaluru
Ritecure Pharmacy,pharmacy,12.9608763,77.5306651,Bengaluru
Trust Chemist and Drugs,pharmacy,12.9553005,77.7181579,Bengaluru
Banglore Lions Service Blood Bank,pharmacy,13.0240558,77.6240521,Bengaluru
Sree Manjunatha Medicals,pharmacy,13.0241512,77.6899413,Bengaluru
Kottakil Arya Vaidya Sala,pharmacy,12.9857338,77.6684774,Bengaluru
Ayushman Panchakarma Therapy Centre,pharmacy,12.9818585,77.677679,Bengaluru
Focus Diagnostics Centre & Speciality Clinics,pharmacy,12.9159162,77.6285313,Bengaluru
Anand Diagnostic Laboratory,pharmacy,12.9162822,77.6130103,Bengaluru
Arpitha Medicals,pharmacy,12.8824999,77.5660055,Bengaluru
Shyamala Medicals,pharmacy,12.8844038,77.5666691,Bengaluru
MedPlus,pharmacy,12.988962,77.6638451,Bengaluru
Astra Medica,pharmacy,12.9485743,77.6826003,Bengaluru
MedPlus,pharmacy,12.8910934,77.5946714,Bengaluru
Bangalore Fine Chemicals,pharmacy,12.9243833,77.4867217,Bengaluru
Yeshakeerthi Chemicals,pharmacy,12.8987251,77.6393218,Bengaluru
Apollo Pharmacy,pharmacy,13.0027302,77.6348876,Bengaluru
MedPlus,pharmacy,12.9702038,77.5462546,Bengaluru
Unique Medicals,pharmacy,12.9570571,77.5323251,Bengaluru
MedPlus,pharmacy,12.9072768,77.5469171,Bengaluru
MedPlus,pharmacy,12.9341008,77.6272181,Bengaluru
Lalitha Medicals,pharmacy,12.9055817,77.5428078,Bengaluru
Annapurna Drug House,pharmacy,12.9058435,77.5429494,Bengaluru
Himalaya Medicals,pharmacy,12.9087185,77.5484931,Bengaluru
SS Pharma & Surgicals,pharmacy,13.0017154,77.5507797,Bengaluru
Sri Datta Medical,pharmacy,12.9759778,77.6548222,Bengaluru
Gheeta pharmacy,pharmacy,12.9760549,77.6547944,Bengaluru
Ramdev medicals,pharmacy,12.8671576,77.5979433,Bengaluru
krishna medicals,pharmacy,12.8654816,77.5983391,Bengaluru
MedPlus,pharmacy,12.9298098,77.5400027,Bengaluru
,pharmacy,12.9489389,77.7083529,Bengaluru
Cure and Care,pharmacy,12.9861596,77.6700732,Bengaluru
,pharmacy,12.9899208,77.5944935,Bengaluru
Apollo Pharmacy,pharmacy,13.0257868,77.6274472,Bengaluru
Primecare Pharmacy,pharmacy,13.0054971,77.6161129,Bengaluru
Manjunatha Medicals,pharmacy,13.0551743,77.6007325,Bengaluru
Religare Pharmacy,pharmacy,13.0132508,77.6497633,Bengaluru
Suneel Pharma,pharmacy,12.9753996,77.6223913,Bengaluru
Maruti Medicals,pharmacy,13.0028658,77.6347877,Bengaluru
Shri Vishnu,pharmacy,13.0401108,77.6798879,Bengaluru
Primecare,pharmacy,13.0027812,77.6345924,Bengaluru
Kiran medicals,pharmacy,12.9945444,77.6159681,Bengaluru
Manjunatha,pharmacy,13.0072315,77.6403015,Bengaluru
Maruthi Medical's,pharmacy,13.0286188,77.6526542,Bengaluru
,pharmacy,13.0354235,77.6546479,Bengaluru
Manoj Medicals,pharmacy,12.9964814,77.621145,Bengaluru
AT pharma,pharmacy,12.9410118,77.592838,Bengaluru
Jaisheel,pharmacy,12.9359972,77.5926337,Bengaluru
Prasad medicals,pharmacy,12.935905,77.5928069,Bengaluru
Guru medicals,pharmacy,12.9357029,77.59262,Bengaluru
Ghousia,pharmacy,12.9430018,77.5944379,Bengaluru
Ram Krishna Medicals,pharmacy,12.9422748,77.594039,Bengaluru
Bright Pharmacy,pharmacy,12.9416745,77.5935357,Bengaluru
Venkatagiri,pharmacy,12.9437303,77.5947351,Bengaluru
Shivagami Medicals and General Shop,pharmacy,13.0400656,77.6781209,Bengaluru
Chandru Medicals and General Stores,pharmacy,13.0336124,77.6748084,Bengaluru
V R Pharmacy,pharmacy,13.0284576,77.633619,Bengaluru
Metro Medical Center,pharmacy,13.0074875,77.5485022,Bengaluru
United Pharma,pharmacy,13.0562529,77.6330993,Bengaluru
Apollo Pharmacy,pharmacy,13.0308563,77.6355484,Bengaluru
Brindavan Pharma,pharmacy,12.9902704,77.5744146,Bengaluru
Hosmat Pharmacy,pharmacy,12.9671456,77.6103961,Bengaluru
Satya Medicals,pharmacy,12.9231241,77.5894363,Bengaluru
Manish Pharmacy,pharmacy,12.9263533,77.5880432,Bengaluru
Homeoplus pharmecy,pharmacy,12.9625369,77.6422561,Bengaluru
,pharmacy,12.9734522,77.6513323,Bengaluru
MedPlus,pharmacy,12.9741949,77.6510648,Bengaluru
Kasturi Pharma and General Stores,pharmacy,12.9899364,77.5528432,Bengaluru
NS Medicals,pharmacy,12.9807333,77.6460337,Bengaluru
AK Medicals,pharmacy,12.9810738,77.6459692,Bengaluru
Santosh Pharma,pharmacy,12.9958589,77.6082728,Bengaluru
Mustafai Unani Pharmacy,pharmacy,12.9941962,77.6076009,Bengaluru
Apollo Pharmacy,pharmacy,12.9867071,77.5796028,Bengaluru
Trust Medicals,pharmacy,12.948031,77.5972353,Bengaluru
Ayurvedic Pharmacy,pharmacy,12.9467131,77.5692249,Bengaluru
?????? ?????????,pharmacy,12.9334146,77.5626612,Bengaluru
MedPlus,pharmacy,12.9306492,77.547441,Bengaluru
Seetha Medicals,pharmacy,12.9391798,77.551355,Bengaluru
Jaganni Medicals and General Stores,pharmacy,12.9386733,77.5526257,Bengaluru
Suraksha Medicals,pharmacy,12.9387648,77.5530495,Bengaluru
MedPlus,pharmacy,12.9388177,77.5528852,Bengaluru
,pharmacy,12.9389135,77.5525787,Bengaluru
Adarsh Medical Center,pharmacy,12.9386903,77.5518841,Bengaluru
Nagashri Medicals,pharmacy,12.9524904,77.5773248,Bengaluru
MedPlus,pharmacy,12.9562948,77.6603436,Bengaluru
Kottakkal Aruna Vaidya Sala,pharmacy,12.9273803,77.6162014,Bengaluru
,pharmacy,12.8598469,77.6081337,Bengaluru
,pharmacy,12.867905,77.5978285,Bengaluru
Mahadev Medical and General Store,pharmacy,12.9691864,77.693647,Bengaluru
Sandeep medicals,pharmacy,13.0553658,77.6030345,Bengaluru
Sri sai sankara pharm,pharmacy,13.0687552,77.6034879,Bengaluru
Apollo Pharmacy,pharmacy,13.0728093,77.6032468,Bengaluru
Ramdev Medical,pharmacy,12.9708488,77.7120993,Bengaluru
Sai Ram Medicals,pharmacy,12.9760847,77.6377952,Bengaluru
Amar Medicals,pharmacy,12.9744474,77.6394513,Bengaluru
Sri Balaji Medicals,pharmacy,12.9744956,77.6381464,Bengaluru
Sri Banashankari Medicals,pharmacy,13.0021577,77.5526639,Bengaluru
Apollo Pharmacy,pharmacy,12.9864932,77.5558162,Bengaluru
Sree Prabhu Medical Centre,pharmacy,12.9880221,77.5558457,Bengaluru
Guru Raghavendra Medical Store,pharmacy,12.9093132,77.5515743,Bengaluru
Sridhar Medicals,pharmacy,12.9155219,77.5617083,Bengaluru
Kotakkal Arya Vaidyasala,pharmacy,12.9726229,77.6487956,Bengaluru
Apollo Pharmacy,pharmacy,12.9129311,77.6796119,Bengaluru
Brothers Chemists,pharmacy,12.908506,77.6836249,Bengaluru
Pragathi Homeo Pharmacy,pharmacy,12.9255085,77.6343557,Bengaluru
Seetha Medicals & General Store,pharmacy,12.9899104,77.5531138,Bengaluru
Pooja Medicals,pharmacy,13.0482293,77.6289439,Bengaluru
Sri Varsha Medicals and General Store,pharmacy,13.0532004,77.6313378,Bengaluru
Ram Medicals,pharmacy,13.0533271,77.6313861,Bengaluru
Krishna Medicals,pharmacy,13.066957,77.6361282,Bengaluru
,pharmacy,12.8971848,77.5964653,Bengaluru
Kiran Medical Store,pharmacy,12.9332568,77.6296592,Bengaluru
Sri Lakshmi Medicals,pharmacy,12.9006451,77.5866036,Bengaluru
MedPlus,pharmacy,12.9005012,77.5859088,Bengaluru
Prem Pharmacy,pharmacy,12.9006994,77.5872673,Bengaluru
Moulya Medicals,pharmacy,12.9883671,77.5356916,Bengaluru
Bengaluru Drug House Pharmacy,pharmacy,12.9017016,77.5857953,Bengaluru
Suresh Pharma,pharmacy,12.9777866,77.6302967,Bengaluru
Surya Pharmaceuticals,pharmacy,12.9528,77.536684,Bengaluru
Aditya Pharma,pharmacy,13.0188757,77.7043818,Bengaluru
SLV medicals,pharmacy,13.0184585,77.7043667,Bengaluru
Nayan Drugs and Opticals,pharmacy,13.0078107,77.5484819,Bengaluru
Frank Ross Pharma,pharmacy,13.0173749,77.5627034,Bengaluru
Apollo Pharmacy,pharmacy,12.8772412,77.6390888,Bengaluru
MedPlus,pharmacy,12.8774214,77.6388932,Bengaluru
Prashanthi Ayurvedic Centre,pharmacy,12.9963828,77.5508957,Bengaluru
Apollo Pharmacy,pharmacy,12.9509966,77.7156459,Bengaluru
Homoeo Mart,pharmacy,12.9993177,77.5502049,Bengaluru
Apollo Pharmacy,pharmacy,12.9745565,77.67873,Bengaluru
Sri Srinivasa Medical Centre,pharmacy,13.0665416,77.596517,Bengaluru
SLR Pharma,pharmacy,13.0605479,77.588392,Bengaluru
Ramdev Medicals,pharmacy,12.9069485,77.6755708,Bengaluru
Mysore Road Hi-Tech Pharma,pharmacy,12.9424879,77.5258827,Bengaluru
MedPlus,pharmacy,12.9680666,77.5301763,Bengaluru
Nagarjuna Ayurveda,pharmacy,12.9722827,77.6534246,Bengaluru
MedPlus,pharmacy,13.0115623,77.6710663,Bengaluru
Apollo Pharmacy,pharmacy,12.9379662,77.568428,Bengaluru
Sapthagiri Medicals,pharmacy,12.9553721,77.5855419,Bengaluru
Wellness Forever,pharmacy,12.9882933,77.5561065,Bengaluru
Sri Manikanta Medical,pharmacy,12.9434316,77.5260074,Bengaluru
Aster Pharmacy,pharmacy,12.9694309,77.6829853,Bengaluru
Harshitha Medical & General Store,pharmacy,12.9906161,77.5505832,Bengaluru
Kiran Diagnostics,pharmacy,12.9527335,77.5367001,Bengaluru
Sudharsan Medicals,pharmacy,12.9162158,77.6154165,Bengaluru
Milan Pharma,pharmacy,12.9721126,77.6800077,Bengaluru
The Family Pharma,pharmacy,13.0203776,77.6433782,Bengaluru
Moulya Medicals,pharmacy,12.9725821,77.5117195,Bengaluru
Khushal Medicals,pharmacy,12.9759377,77.5314973,Bengaluru
Sri Ganesh Medical,pharmacy,13.0347696,77.5576937,Bengaluru
Stay Happi Pharmacy,pharmacy,12.9900398,77.5557384,Bengaluru
Apollo Pharmacy,pharmacy,12.9850504,77.5532533,Bengaluru
Aria Pharma,pharmacy,12.9106949,77.6634425,Bengaluru
Apollo Pharmacy,pharmacy,12.9135524,77.666354,Bengaluru
Nandi Pharma,pharmacy,12.9138357,77.607426,Bengaluru
MedPlus,pharmacy,12.9134456,77.6051098,Bengaluru
Ramdev Pharmacy,pharmacy,12.9734284,77.6752338,Bengaluru
Patanjali Pharmacy,pharmacy,12.9728506,77.6778275,Bengaluru
Apollo Pharmacy,pharmacy,13.0038285,77.6154682,Bengaluru
MedPlus,pharmacy,13.0039944,77.6155412,Bengaluru
Fame Balaji,pharmacy,12.978176,77.6429501,Bengaluru
Sarooj Pharma,pharmacy,13.0001038,77.6230624,Bengaluru
,pharmacy,12.9678599,77.5303785,Bengaluru
Max Medicals,pharmacy,12.9564805,77.5828736,Bengaluru
Axis Pharma and Dental Supplies,pharmacy,13.0004506,77.6218199,Bengaluru
,pharmacy,12.9990055,77.5251143,Bengaluru
Medicine Point,pharmacy,13.0234095,77.555958,Bengaluru
Ramdev Medical,pharmacy,13.0344427,77.5578665,Bengaluru
Raghu Medicals,pharmacy,13.0376774,77.5535627,Bengaluru
,pharmacy,12.9981123,77.5406402,Bengaluru
People Pharmacy,pharmacy,12.9975844,77.5404666,Bengaluru
Nandini Medicals,pharmacy,13.0299023,77.5534768,Bengaluru
Shiv shakthi medicals,pharmacy,13.0331404,77.5993644,Bengaluru
MedPlus,pharmacy,12.9715511,77.635481,Bengaluru
Jan Aushadhi,pharmacy,13.0259658,77.6060233,Bengaluru
Rashi Medical Stores,pharmacy,13.0102236,77.7063424,Bengaluru
Pradhanmantri Bharatiya Janaushadhi Kendra,pharmacy,12.9953858,77.5546266,Bengaluru
Om Medicals,pharmacy,12.9136612,77.6076138,Bengaluru
Raghu Pharma,pharmacy,13.0254048,77.5575363,Bengaluru
Maya Clinic Pharmacy,pharmacy,12.9690162,77.6936245,Bengaluru
MedPlus,pharmacy,12.9733976,77.6936603,Bengaluru
Janani Clinic,pharmacy,12.9386583,77.6968715,Bengaluru
Aster Pharmacy,pharmacy,13.0023102,77.552568,Bengaluru
Aster Labs,pharmacy,13.0608541,77.6419379,Bengaluru
Netmeds,pharmacy,12.873081,77.5666966,Bengaluru
Best Medical and General Store,pharmacy,12.8726746,77.5663573,Bengaluru
Apollo Pharmacy,pharmacy,12.9102334,77.483414,Bengaluru
Apollo Pharmacy,pharmacy,12.9230032,77.4844748,Bengaluru
Aster Pharmacy,pharmacy,13.1038518,77.5742208,Bengaluru
Apollo Pharmacy,pharmacy,13.1038491,77.5749896,Bengaluru
Jangu Pharma,pharmacy,12.9268186,77.69495,Bengaluru
,pharmacy,12.9945697,77.5716164,Bengaluru
Jayarekha Medicals,pharmacy,12.9035704,77.7042548,Bengaluru
Apollo Pharmacy,pharmacy,12.915418,77.6987688,Bengaluru
Apollo Pharamacy,pharmacy,12.9133573,77.6491004,Bengaluru
MedPlus,pharmacy,12.9361556,77.7211315,Bengaluru
Prestige,pharmacy,12.9391792,77.7211107,Bengaluru
ALR,pharmacy,12.9397035,77.7226865,Bengaluru
Ashapurna Medicals,pharmacy,12.9394601,77.7348009,Bengaluru
Sri Ramdev Medicals,pharmacy,12.936494,77.7445098,Bengaluru
Dhanalaxmi General Stores,pharmacy,12.9559635,77.7207388,Bengaluru
MedPlus,pharmacy,12.9603343,77.7193382,Bengaluru
Medpolo,pharmacy,12.9604186,77.7201826,Bengaluru
Health Bloom,pharmacy,12.9603516,77.7187819,Bengaluru
Apollo Pharmacy,pharmacy,12.9604763,77.7174445,Bengaluru
Sri Sai Medicals,pharmacy,12.9081233,77.6957465,Bengaluru
Balaji Pharma,pharmacy,12.9086588,77.6958342,Bengaluru
Apollo Pharmacy,pharmacy,12.9589036,77.7016002,Bengaluru
Srinivasa Medicals,pharmacy,12.9589189,77.7183818,Bengaluru
Bhoomi Medicals,pharmacy,13.005053,77.5497289,Bengaluru
G. S. Pharmacy,pharmacy,12.9594016,77.7184562,Bengaluru
MedPlus,pharmacy,12.9411755,77.6277014,Bengaluru
Mahaveer Medical,pharmacy,12.9417192,77.6278767,Bengaluru
A-Z Pharma,pharmacy,12.9754863,77.6967198,Bengaluru
Brothers Chemist,pharmacy,13.0514678,77.6041664,Bengaluru
Vitamin Galaxy,pharmacy,12.940938,77.6241703,Bengaluru
Jain Medicals,pharmacy,12.9818781,77.6040785,Bengaluru
Sanjeevani Medicals,pharmacy,12.9141711,77.6383752,Bengaluru
Skanda Medicals,pharmacy,12.9350365,77.6332951,Bengaluru
iCure Medicals,pharmacy,12.9352067,77.6315454,Bengaluru
Apollo Pharmacy,pharmacy,12.935561,77.6309798,Bengaluru
United Medicals,pharmacy,12.9509127,77.6230621,Bengaluru
Bright Medicals,pharmacy,12.9509673,77.623189,Bengaluru
Ramdev Medical,pharmacy,12.9394907,77.6257893,Bengaluru
,pharmacy,12.9507714,77.6238421,Bengaluru
Ambica Medical,pharmacy,12.9505124,77.6243668,Bengaluru
Frank Ross,pharmacy,12.9131646,77.6662853,Bengaluru
Health Care Pharmacy,pharmacy,12.9585663,77.7028132,Bengaluru
Sri Balaji Medicals & Surgicals,pharmacy,12.9592397,77.7015645,Bengaluru
Ramdev Medicrest,pharmacy,12.9593413,77.7017001,Bengaluru
Panchavati Chemists and Druggists,pharmacy,12.98669,77.5796975,Bengaluru
Forster Pharma,pharmacy,12.9720878,77.6009403,Bengaluru
Sri Reddy Pharma,pharmacy,13.0010747,77.5505476,Bengaluru
Medical Shop,pharmacy,13.0547385,77.5757832,Bengaluru
Apollo Pharmacy,pharmacy,12.8568366,77.5417326,Bengaluru
Ganesh Medicals and General Store,pharmacy,12.9588498,77.7202575,Bengaluru
Manish Medicals,pharmacy,12.9605567,77.716688,Bengaluru
Aster Pharmacy,pharmacy,13.1038383,77.5742273,Bengaluru
Apollo Pharmacy,pharmacy,13.1038674,77.5749742,Bengaluru
Mahaveer Medicals,pharmacy,13.102027,77.5732547,Bengaluru
Aditya Pharma,pharmacy,13.0560824,77.6445048,Bengaluru
,pharmacy,13.0599809,77.5766833,Bengaluru
Ganesh Medicals,pharmacy,12.9789354,77.6954036,Bengaluru
Prakruti Pharma,pharmacy,12.9759268,77.7268757,Bengaluru
Geronics Pharmacy,pharmacy,12.8947315,77.6615482,Bengaluru
Ram Medicals HSR Layout,pharmacy,12.9127558,77.6519251,Bengaluru
Balaji Pharma,pharmacy,13.0669086,77.6391806,Bengaluru
MedPlus,pharmacy,13.0728892,77.6007459,Bengaluru
Dalvkot,pharmacy,12.9798928,77.727045,Bengaluru
Mahadev Medicals,pharmacy,12.8743401,77.5417687,Bengaluru
Life Care Medicals - 34,pharmacy,12.8696102,77.5432087,Bengaluru
Life Care Medicals,pharmacy,12.8826704,77.5466728,Bengaluru
MedPlus,pharmacy,12.9886368,77.6842948,Bengaluru
Rana Ramdev Medicals,pharmacy,12.9516788,77.7173944,Bengaluru
Shri Veer Teja Medical And General Store,pharmacy,12.9712879,77.6941564,Bengaluru
Apollo Pharmacy,pharmacy,12.9634686,77.7133118,Bengaluru
Leaf pharma,pharmacy,12.924161,77.5971697,Bengaluru
Roots Pharma,pharmacy,12.9400467,77.6179642,Bengaluru
Ram Medicals,pharmacy,12.8603077,77.5423118,Bengaluru
MedPlus,pharmacy,12.955628,77.7200664,Bengaluru
MedPlus,pharmacy,13.0329717,77.6089188,Bengaluru
MedPlus,pharmacy,12.9714734,77.6277316,Bengaluru
Ramdev Medicals,pharmacy,12.8943447,77.6571511,Bengaluru
Hafiz Pharma,pharmacy,12.9597011,77.6015633,Bengaluru
HKGN Medicals,pharmacy,12.9600253,77.6016276,Bengaluru
Sri Lakshminarasimha Drug Centre,pharmacy,12.9571579,77.5718768,Bengaluru
Arihant Shri Jain Pharma,pharmacy,12.9588046,77.5649867,Bengaluru
Value Pharma,pharmacy,13.011635,77.5568763,Bengaluru
Wellness Forever,pharmacy,12.8920864,77.5817853,Bengaluru
Krishna Medical,pharmacy,12.9628816,77.7131542,Bengaluru
Life Care Medicals,pharmacy,12.8917341,77.5775977,Bengaluru
MedPlus,pharmacy,12.8919652,77.5806493,Bengaluru
MedPlus,pharmacy,13.0059256,77.555443,Bengaluru
Hoysala Medical Stores,pharmacy,12.888287,77.5795047,Bengaluru
Dhanvantri Medical Stores,pharmacy,13.0631437,77.5588654,Bengaluru
SVM Pharmacy,pharmacy,13.0625167,77.5928357,Bengaluru
Shree Mohan Medicines & General Stores,pharmacy,13.0636355,77.588526,Bengaluru
MedPlus,pharmacy,13.0638568,77.5892788,Bengaluru
Dava Dost,pharmacy,12.9769077,77.7267157,Bengaluru
Sri Sai Paharmacy,pharmacy,12.9787061,77.638013,Bengaluru
Kartikeya Medicals,pharmacy,12.8622143,77.5430185,Bengaluru
,pharmacy,12.9673234,77.6400936,Bengaluru
,pharmacy,12.9671096,77.6403708,Bengaluru
Banashree Medicals,pharmacy,13.0141068,77.4924104,Bengaluru
Eashwar Medicals,pharmacy,13.0140933,77.4907441,Bengaluru
Shivu Medicals,pharmacy,13.0141469,77.495551,Bengaluru
Mohit Medicals,pharmacy,13.0138476,77.4898021,Bengaluru
Swasthya Medicals,pharmacy,13.0141258,77.4930163,Bengaluru
SKM Medicals,pharmacy,13.0142197,77.4935623,Bengaluru
Balaji Medicals,pharmacy,12.9961725,77.6131645,Bengaluru
Life Care Medicals,pharmacy,12.9136049,77.606949,Bengaluru
Davadost,pharmacy,12.9776273,77.5695903,Bengaluru
NIMHANS Pharmacy,pharmacy,12.9406356,77.5948929,Bengaluru
Primecare Pharma,pharmacy,12.9519038,77.5944072,Bengaluru
Kamaldeep Medicals,pharmacy,12.9500344,77.5965335,Bengaluru
Amruth Medicals,pharmacy,12.9499736,77.5966031,Bengaluru
Rajalakshmi Medicals,pharmacy,12.9514745,77.595132,Bengaluru
Apollo Pharmacy,pharmacy,12.94961,77.5962261,Bengaluru
Susheela Medicals,pharmacy,12.9494082,77.59618,Bengaluru
Narayana Pharmacy,pharmacy,12.8773772,77.6389141,Bengaluru
Harsitha Medicals,pharmacy,12.9072137,77.5829997,Bengaluru
Pharma One,pharmacy,12.9106694,77.5835369,Bengaluru
Rush Pharma,pharmacy,12.9089929,77.6351685,Bengaluru
Bengaluru Drug House,pharmacy,12.9166967,77.5929637,Bengaluru
Aster Pharmacy,pharmacy,13.054318,77.6019187,Bengaluru
,pharmacy,12.9065641,77.6973371,Bengaluru
Trust Pharmacy Counter CMH,pharmacy,12.9782983,77.6459051,Bengaluru
Aster Pharmacy,pharmacy,12.9108271,77.6492497,Bengaluru
Apollo Pharmacy,pharmacy,12.8828555,77.5660366,Bengaluru
S. S. Medicals,pharmacy,12.8829214,77.5662397,Bengaluru
Sri Sai Prathyusha Medicals,pharmacy,12.8819647,77.5660279,Bengaluru
Lavish Pharma,pharmacy,12.9374519,77.6265817,Bengaluru
Narayana Pharma,pharmacy,13.0084969,77.5685026,Bengaluru
Poornima Medicals,pharmacy,12.9169678,77.5985202,Bengaluru
Apollo Pharmacy,pharmacy,12.9168319,77.6039247,Bengaluru
Shree Raajarajeshwari Medicals & General store,pharmacy,12.9776472,77.6273121,Bengaluru
Brothers Pharma,pharmacy,12.9577122,77.7095997,Bengaluru
MedPlus,pharmacy,13.0951387,77.5800692,Bengaluru
Apollo Pharmacy,pharmacy,13.0937722,77.5816744,Bengaluru
Prashanth Medicals,pharmacy,12.9614804,77.6363697,Bengaluru
MedPlus,pharmacy,12.9104387,77.6098975,Bengaluru
Topmost Medicals,pharmacy,13.0003625,77.6169853,Bengaluru
Sri Balaji Medicals,pharmacy,13.0001367,77.6188756,Bengaluru
Medicine House,pharmacy,12.9786575,77.6453982,Bengaluru
Sundeep Pharma,pharmacy,12.9552768,77.6207566,Bengaluru
,pharmacy,13.0091522,77.5787543,Bengaluru
Santhosh Medicals,pharmacy,13.1023214,77.5948021,Bengaluru
Royal Medical,pharmacy,13.1023109,77.5950629,Bengaluru
Sri Amulya Medicals,pharmacy,12.9165245,77.6032301,Bengaluru
Srinivasa Medical And General Stores,pharmacy,12.9214559,77.6495378,Bengaluru
MedPlus,pharmacy,12.9212413,77.6494174,Bengaluru
Sri Swamy Medicals,pharmacy,12.921083,77.6494,Bengaluru
Vinayaka Medicals,pharmacy,12.920369,77.649228,Bengaluru
Ganesh Medicals,pharmacy,12.9189105,77.6493579,Bengaluru
Apollo Pharmacy,pharmacy,12.9234005,77.6950845,Bengaluru
,pharmacy,12.9762005,77.5755635,Bengaluru
Eshwar Pharma,pharmacy,12.9784085,77.630885,Bengaluru
Apollo Pharmacy,pharmacy,12.9884057,77.7116945,Bengaluru
Pharma Point,pharmacy,12.9736597,77.6229416,Bengaluru
MedPlus,pharmacy,12.930344,77.6332226,Bengaluru
Sri Ram Medicals,pharmacy,13.0580923,77.6438883,Bengaluru
Sri Krishna Medicals,pharmacy,12.9781021,77.5752146,Bengaluru
Amogh Medical,pharmacy,12.9783411,77.575127,Bengaluru
Asha Pharma,pharmacy,12.905095,77.612091,Bengaluru
SVS Medicals,pharmacy,13.0219543,77.5534496,Bengaluru
Sri Sai Med Pharma,pharmacy,12.9761609,77.6244665,Bengaluru
Friends Pharma,pharmacy,12.9811642,77.6286416,Bengaluru
Amrutha Medicals,pharmacy,12.9553775,77.7208994,Bengaluru
Sri Veer Teja Medical & Generalist Store,pharmacy,12.9541568,77.7210711,Bengaluru
Nakkshatra Pharma,pharmacy,12.9469618,77.7223532,Bengaluru
Sumukha Medicals,pharmacy,12.9070711,77.5638206,Bengaluru
Heathline Pharma and General Store,pharmacy,12.9067062,77.5634005,Bengaluru
Dharani Pharma,pharmacy,12.9055332,77.5627886,Bengaluru
Lakshmi General Store,pharmacy,12.9069811,77.5599857,Bengaluru
Mitra Medical Centre,pharmacy,12.9048549,77.5623997,Bengaluru
Aswad Medical Store,pharmacy,12.9034568,77.56879,Bengaluru
Brothers Chemist,pharmacy,12.963666,77.7330257,Bengaluru
Apollo Pharmacy,pharmacy,12.9970164,77.6141416,Bengaluru
Medishop,pharmacy,13.0419502,77.6247788,Bengaluru
Apollo Pharmacy,pharmacy,12.871679,77.5426749,Bengaluru
,pharmacy,12.9259251,77.6698885,Bengaluru
Sri Sai Medicals,pharmacy,13.0031199,77.5713727,Bengaluru
Yashvini Ayurveda,pharmacy,13.0053599,77.5712888,Bengaluru
MDP Medicals,pharmacy,13.0215753,77.6297995,Bengaluru
MedPlus,pharmacy,12.9639892,77.5348786,Bengaluru
Ram Medicals,pharmacy,13.0296128,77.5607646,Bengaluru
,pharmacy,13.0893231,77.5560025,Bengaluru
Sri Ramdev Chemist,pharmacy,13.0979485,77.5666617,Bengaluru
Organic Health Labs,pharmacy,13.0981977,77.5690055,Bengaluru
Medplus,pharmacy,12.8664619,77.5918193,Bengaluru
New Bright Pharma,pharmacy,12.9497383,77.5267613,Bengaluru
Karnataka Medicals,pharmacy,12.9509385,77.5269843,Bengaluru
Pradhana Manthri Bharathiya Jan Aushadhi Kendra,pharmacy,12.9542581,77.5279393,Bengaluru
Apollo Pharmacy,pharmacy,12.9558437,77.697913,Bengaluru
Ganesh Medicals,pharmacy,12.9075461,77.6490336,Bengaluru
,pharmacy,12.998839,77.5763743,Bengaluru
Krishna Medical,pharmacy,13.0608558,77.5875414,Bengaluru
Mahalaxmi Medical & General Store,pharmacy,13.0602212,77.5888572,Bengaluru
Apollo Pharmacy,pharmacy,13.0633952,77.5914488,Bengaluru
Pradhan mantri bharatiya jan aushadh kendra,pharmacy,13.0633061,77.5895364,Bengaluru
Ashraya Mediacals,pharmacy,12.891181,77.6064826,Bengaluru
Sundha Medicals,pharmacy,12.9197456,77.6674893,Bengaluru
Sukrith Medicals,pharmacy,12.8876321,77.5526322,Bengaluru
Surana Chemist,pharmacy,12.995114,77.6160795,Bengaluru
Health Green Pharma,pharmacy,12.9966446,77.6116049,Bengaluru
Shanti Medicals,pharmacy,12.9924482,77.5756565,Bengaluru
Sri Balaji Medicals,pharmacy,12.9078609,77.6491098,Bengaluru
Saptagiri Pharmacy,pharmacy,13.0045802,77.7167366,Bengaluru
NE Pharmacy,pharmacy,12.9932604,77.571151,Bengaluru
Mataji Medical Store,pharmacy,12.9812196,77.6800194,Bengaluru
Apollo Pharmacy,pharmacy,12.9729744,77.6994417,Bengaluru
Sri Ganesh Medicals & General Stores,pharmacy,12.9728694,77.701613,Bengaluru
Apollo Pharmacy,pharmacy,13.0996273,77.597945,Bengaluru
Dalvakot Pharmacy,pharmacy,12.960605,77.7138149,Bengaluru
MedPlus,pharmacy,12.964995,77.7170926,Bengaluru
Sri Sreenivasa Medicals,pharmacy,12.9669723,77.7142387,Bengaluru
Pradhan Mantri Jan Aushadhi Kendra,pharmacy,12.8818035,77.5835092,Bengaluru
Madhura Medicals,pharmacy,12.8828903,77.5858366,Bengaluru
The Drug Hut,pharmacy,12.9989667,77.5800117,Bengaluru
Bilva Pharmacy,pharmacy,12.9989823,77.5802854,Bengaluru
MedPlus,pharmacy,13.0383902,77.6640554,Bengaluru
Ashok Medicals,pharmacy,13.0381517,77.6659314,Bengaluru
MedPlus,pharmacy,12.9482059,77.5987156,Bengaluru
Apollo Pharmacy,pharmacy,12.9248794,77.6150117,Bengaluru
Ganesh Medicals,pharmacy,12.9692627,77.7122767,Bengaluru
Apollo Pharmacy,pharmacy,12.9421478,77.7472823,Bengaluru
Varthur Pharma,pharmacy,12.937814,77.7469328,Bengaluru
MedPlus,pharmacy,12.9571546,77.7388836,Bengaluru
Aditya Pharma,pharmacy,13.1222311,77.6290095,Bengaluru
Chiru Pharma,pharmacy,13.1222868,77.6294122,Bengaluru
Apollo Pharmacy,pharmacy,13.122016,77.630345,Bengaluru
Ramdev medicals,pharmacy,12.9567448,77.7457644,Bengaluru
Kaveri Pharma,pharmacy,12.9376589,77.7478535,Bengaluru
Vishnu Medicals,pharmacy,13.1022828,77.5953411,Bengaluru
Mahalakshmi Medical,pharmacy,13.1028251,77.5972583,Bengaluru
Mataji Medical and General Stores,pharmacy,13.1030691,77.5980928,Bengaluru
Dalvkot,pharmacy,12.9602548,77.7213856,Bengaluru
Mahadev Medicals,pharmacy,13.0384368,77.6649063,Bengaluru
Netmeds,pharmacy,13.1030045,77.5767815,Bengaluru
Apollo Pharmacy,pharmacy,13.1031397,77.5767965,Bengaluru
MedPlus,pharmacy,13.1029053,77.5770303,Bengaluru
Payal Medical,pharmacy,13.0493495,77.6300471,Bengaluru
Ramdev Medical,pharmacy,13.1036592,77.6228102,Bengaluru
P.P Pharma,pharmacy,13.1025916,77.6292752,Bengaluru
Koya Pharma,pharmacy,13.0230689,77.619348,Bengaluru
Jeevika Pharmacy,pharmacy,12.9658546,77.7025095,Bengaluru
Jan Aushadhi,pharmacy,12.8717707,77.654208,Bengaluru
Sathiyam Medicals,pharmacy,12.8719512,77.6540059,Bengaluru
Aster Pharmacy,pharmacy,12.878507,77.6550824,Bengaluru
Apollo Pharmacy,pharmacy,12.8827544,77.6503642,Bengaluru
SS Pharmacy,pharmacy,12.8859463,77.6495484,Bengaluru
Sri Manjunatha Medicals,pharmacy,12.8890673,77.6512336,Bengaluru
Keshav Medical & General Store,pharmacy,12.8891007,77.6520774,Bengaluru
,pharmacy,12.9239614,77.618357,Bengaluru
,pharmacy,12.9059207,77.5858993,Bengaluru
Aloha Pharmacy,pharmacy,12.8799238,77.5535447,Bengaluru
Ram Medicals,pharmacy,12.9496859,77.7015241,Bengaluru
MedPlus,pharmacy,12.9498195,77.7008092,Bengaluru
Pharma.wellness,pharmacy,12.9723434,77.650478,Bengaluru
Sri Venkateswara Medicals,pharmacy,12.9724579,77.6500589,Bengaluru
Sri Laxmi Medicals,pharmacy,12.9723163,77.6516977,Bengaluru
Sai Health Pharma,pharmacy,12.9722287,77.652062,Bengaluru
ThinkCare Pharma,pharmacy,12.9857934,77.5957495,Bengaluru
Suraksha Medicals,pharmacy,12.9712027,77.5365182,Bengaluru
Sri Ranga Medicals,pharmacy,12.9756469,77.5358203,Bengaluru
Janasuraksha Medicals,pharmacy,12.9543928,77.497201,Bengaluru
Kesari Medicals,pharmacy,12.9544913,77.4967574,Bengaluru
7th Main Pharma,pharmacy,12.9261536,77.5818706,Bengaluru
Apollo Pharmacy,pharmacy,12.9561338,77.7170501,Bengaluru
Ramadev Medical,pharmacy,12.9158584,77.6989689,Bengaluru
Akshay Medicals,pharmacy,12.9425679,77.7472154,Bengaluru
SLV Mecical,pharmacy,12.9455014,77.7524932,Bengaluru
SR Pharma,pharmacy,12.9371,77.7495865,Bengaluru
Srikanth Medicals,pharmacy,13.0191345,77.5575105,Bengaluru
Sri Balaji Medical and General Store,pharmacy,13.0044903,77.5536452,Bengaluru
Apollo Pharmacy,pharmacy,13.0516497,77.5515983,Bengaluru
Ashwini Medical And General Store,pharmacy,12.963561,77.7331668,Bengaluru
Orange Health Labs,pharmacy,12.9562554,77.7295399,Bengaluru
Nandi Pharma,pharmacy,12.9257669,77.737715,Bengaluru
Sri Jagannatha Medicals & General Stores,pharmacy,12.9561496,77.7321483,Bengaluru
Sri Sanjeev Pharma,pharmacy,13.0678615,77.5541182,Bengaluru
Apollo Pharmacy,pharmacy,13.0668502,77.5538593,Bengaluru
GoodLife Medicines,pharmacy,13.0670884,77.5539186,Bengaluru
Jan Aushadhi,pharmacy,13.0998479,77.5962035,Bengaluru
,pharmacy,12.9993025,77.6766323,Bengaluru
Ayurveda Pharmacy,pharmacy,13.0675995,77.5539474,Bengaluru
Pradhan Mantri Bharatiya Janaushadhi Kendra,pharmacy,13.0966531,77.5836552,Bengaluru
Ramdev Medicals,pharmacy,12.9749902,77.7509286,Bengaluru
,pharmacy,12.9200334,77.651758,Bengaluru
MedPlus,pharmacy,13.001333,77.6619286,Bengaluru
Apollo Pharmacy,pharmacy,13.0033511,77.6607132,Bengaluru
Apollo Pharmacy,pharmacy,12.9395771,77.7361182,Bengaluru
Ramdev Medicals,pharmacy,12.9315315,77.6862132,Bengaluru
Apollo Pharmacy,pharmacy,12.9348468,77.7433697,Bengaluru
Sri Sai Pharmacy,pharmacy,12.92953,77.757352,Bengaluru
Ramdev Medicals,pharmacy,12.9218214,77.6653489,Bengaluru
MedPlus,pharmacy,12.9274267,77.6713421,Bengaluru
Sri Ram Medical Store,pharmacy,13.0099404,77.5390596,Bengaluru
MedPlus,pharmacy,13.00911,77.5382451,Bengaluru
MedPlus,pharmacy,12.9710649,77.7504113,Bengaluru
Homoeo Pharma,pharmacy,12.9690647,77.7500197,Bengaluru
Divya Medicals,pharmacy,13.0282476,77.5714826,Bengaluru
Ramdev Medicals,pharmacy,12.9379642,77.7202523,Bengaluru
MedPlus,pharmacy,13.0978883,77.563176,Bengaluru
Apollo Pharmacy,pharmacy,12.9123027,77.6327926,Bengaluru
Cosmo,pharmacy,12.9784737,77.6394515,Bengaluru
DKA Pharmacy,pharmacy,12.9762148,77.7285533,Bengaluru
Puran Medical And Central Store,pharmacy,13.0043462,77.6604392,Bengaluru
Yash Chemist and Druggist,pharmacy,12.9193973,77.6491547,Bengaluru
Krishna Pharma,pharmacy,13.0057911,77.6595163,Bengaluru
Revive Janata,pharmacy,12.9777179,77.6306728,Bengaluru
Life Care Medicals,pharmacy,12.8757204,77.5440302,Bengaluru
Medplus Pharmacy,pharmacy,12.879743,77.5537562,Bengaluru
Ramdev Medicals,pharmacy,12.9555919,77.7207693,Bengaluru
Frank Ross,pharmacy,12.9541309,77.7175389,Bengaluru
Raghav Medicals,pharmacy,12.9584462,77.6608493,Bengaluru
P N Medicals,pharmacy,12.9714555,77.7065292,Bengaluru
Sri Venkateshwara Medicals & general store,pharmacy,12.916652,77.595211,Bengaluru
Medplus,pharmacy,12.912582,77.6328303,Bengaluru
